Year,Date,Headline
2023,January 1,Twitter Sued Over Rent Payment in San Francisco
2023,January 1,McCarthy’s Speaker Bid Faces Final Hurdle
2023,January 1,New Year’s Eve Machete Attack Hurts Three New York City Police Officers
2023,January 1,Brazil’s Lula Makes Remarkable Return to Power
2023,January 1,California Storm Floods Roads and Cuts Power as New Year Arrives
2023,January 1,"Economy Week Ahead: Jobs Report, Fed Minutes in Focus"
2023,January 1,Trump’s Tax Law Echoed Through His Finances
2023,January 1,Can Southwest Airlines Buy Back Its Customers’ Love?
2023,January 1,"Pope Francis to Preside Over Predecessor’s Funeral, in a Vatican First"
2023,January 1,"Lincoln, Douglas and Netflix"
2023,January 1,Are Vaccines Fueling New Covid Variants?
2023,January 1,A Perk to Getting These Jobs: You Pick Your Pay
2023,January 1,Lone Gray Wolf’s Journeys Shed New Light on Elusive Predator
2023,January 1,"New State Laws Tackle Consumer Data, Cash Bail and More"
2023,January 1,EVs Can Overcome the Obstacles
2023,January 1,Job and Wage Growth Showed Signs of Cooling
2023,January 1,"Startups End a Bruising 2022, Stare Down Another Challenging Year"
2023,January 1,"Chinese Factories, Restaurants Adjust to Life Without Zero-Covid"
2023,January 1,Ukraine Begins 2023 Under Attack From Russian Drone Swarm
2023,January 1,What to Watch: The 17 Best New Movies and TV Shows From December
2023,January 1,Danny Werfel Poised to Return to IRS and Lead $80 Billion Transformation
2023,January 1,"Rookie Traders Are Calling It Quits, and Their Families Are Thrilled"
2023,January 1,Soaring Costs Threaten U.S. Offshore-Wind Buildout
2023,January 1,The Shift to EVs Triggers Biggest Auto-Factory Building Boom in Decades
2023,January 1,The Year Big Tech Stocks Fell from Glory
2023,January 1,Australia Joins Countries Requiring Covid Tests From China Travelers
2023,January 1,Ukraine Rings In New Year With Hope of Russia Defeat
2023,January 1,‘Kaleidoscope’ Review: Episode Roulette
2023,January 1,"Georgia, TCU Advance to the College Football Playoff Title Game"
